<?xml version="1.0" encoding="UTF-8"?>
<!DOCTYPE beans PUBLIC 
"-//SPRING//DTD BEAN//EN" 
"http://www.springframework.org/dtd/spring-beans.dtd">
<beans>
	<bean id="studentOne" class="com.java.spr.Student">
		<property name="sno" value="1" />
		<property name="firstName" value="Archana" />
		<property name="lastName" value="Pal" />
	</bean>
	<bean id="studentTwo" class="com.java.spr.Student">
		<property name="sno" value="2" />
		<property name="firstName" value="Gangamani" />
		<property name="lastName" value="Bhupathi" />
	</bean>
	<bean id="studentThree" class="com.java.spr.Student">
		<property name="sno" value="3" />
		<property name="firstName" value="Raja" />
		<property name="lastName" value="Narayan" />
	</bean>
	<bean id="beanTrainer" class="com.java.spr.Trainer">
		<property name="trainerName" value="Prasanna" />
		<property name="location" value="Hyderabad" />
		<property name="studentList">
			<list>
				<ref bean="studentOne"/>
				<ref bean="studentTwo" />
				<ref bean="studentThree" />
			</list>
		</property>
	</bean>
</beans>